dropped,n_specs,median_dz,r_n_dz,ica_median,threshold_median,reference,artifact,roi,normalise,aperiodic,epoch_sec
01,432,0.21804244402354803,0.41150636821994163,0.31545476244993287,0.11147880169235821,38.3886354679505,15.780438628236858,8.258470286800724,2.2759903949350067,4.095469848748202,1.3001450849583573
02,432,0.21117232856762153,0.41241282854524514,0.3173729866365328,0.10962844386772536,39.84755560119711,15.928787932297338,7.350990923942091,2.316520328996779,4.91993218379829,1.2486136029092654
03,432,0.2159586853869731,0.3801595058334159,0.3147948045933733,0.11009597330772372,40.75037440454944,14.77636505150747,7.60930239973091,2.242611847551248,4.796770173586311,1.0744202365388416
04,432,0.21501290885504223,0.41095938064716186,0.31761437151983785,0.11382284744495916,38.965666882105985,16.03631880593746,7.389960981856171,2.265638838558654,4.851813211167566,1.3964465801263743
05,432,0.21119088794694973,0.4026457842060206,0.3152634601294634,0.11332738726406302,38.50837589806808,16.090313320531287,7.279184166812809,2.46756350207697,4.59472082423508,1.4494957272106728
06,432,0.20682585181186486,0.4164052524584903,0.309873620705052,0.09765133339295307,34.60680348851313,16.83067400322763,8.275506644333037,3.4168737019108955,4.6225719416094195,1.5160119866302362
07,432,0.2109217510957261,0.40323554018937446,0.30641081239024315,0.1104262954924419,40.274181386782395,15.41690718879893,7.476254955325583,2.4886736284856896,4.642698074232488,1.277536860625525
08,432,0.23332777309045544,0.38341540753652315,0.33016502399767383,0.12765166632250097,44.38808068725045,14.453578629421559,6.8192550902124065,1.7466200864768802,3.6268453347579594,1.215224076284549
09,432,0.2126714085431724,0.41029843568079255,0.31351066059703286,0.10933676482096624,39.400987762649116,16.131544902624135,7.109660266994262,2.3163471614548605,4.824146606701719,1.260296141968054
10,432,0.21158628450444314,0.41387808024711875,0.3178266450388928,0.11938123048759111,39.12087167206525,16.19875899173286,7.348024182718107,2.189949251301974,5.164589999159235,1.3450177879668113
11,432,0.2132967671407613,0.40701414213458825,0.31110396911540333,0.11364739446679176,39.68636072267277,15.319443523759169,7.346113165797255,2.4564265707781034,4.989289034598722,1.499797710861283
12,432,0.22740310362561067,0.38105216018823723,0.327489816052747,0.12480376827250961,41.527103994871794,14.637064008448622,6.751317615725049,1.8782024259921486,5.4317157311854265,1.0589662169806207
13,432,0.21158628450444314,0.42519811021572723,0.3163610127534232,0.11909676450835155,39.318196146054895,15.950658099854925,7.474041610589788,2.14860651856766,5.036685649791155,1.477173855825013
14,432,0.20381167476019943,0.43479993084594276,0.31022393711467305,0.09832462203362452,35.35276885713455,17.656624608184366,7.324810203781565,2.179897190591612,4.910369523207892,1.8474938964376886
15,432,0.2099568955400331,0.4295006527385024,0.31621710323001734,0.10529349108914388,37.33488248221439,17.01966104325343,7.34361825438636,2.3161306513393924,5.12333455773433,1.385722251114623
16,432,0.2135670448701799,0.4116631082224278,0.3162965882713405,0.11632507876311698,39.329444166707006,16.082566723490537,7.195773366985654,2.3294927591265915,4.7233501098196795,1.4202646520200253
17,432,0.21158628450444314,0.42342698677521967,0.3163610127534232,0.11587745567154797,38.99696356072859,16.028578468794574,7.422391819102061,2.227900906797871,5.073525132752406,1.4243041237469807
18,432,0.21294603641643123,0.41149679568276576,0.3173890019826685,0.11529579668693749,39.32659423657056,16.054147935354074,7.354276730721464,2.2267713219955696,4.771730954653861,1.3538721436014498
19,432,0.17653105237983968,0.4786234842457963,0.2965381537296502,0.0729475947175835,37.95347971420279,18.12374928803272,7.023615356566272,2.4571285775746907,3.4469320689163006,2.529637321694304
20,432,0.21158628450444314,0.38944374376975777,0.3005860127638288,0.11145394226177023,38.05701148353361,15.782671605186753,7.9393867546153345,2.5254341599498984,4.920799287020181,1.2309145929192922
21,432,0.20556036413670442,0.39888952471698086,0.3075297619362507,0.10349415617620476,41.029272368532354,15.119926348898169,7.028492109186815,2.4429146975690776,4.611838113500042,1.1882727226397722
22,432,0.22342111054717487,0.40828531314128796,0.3208538612972235,0.11371806810160735,39.89926061484214,15.776718783511026,7.106974070100238,2.284261626367157,5.014600150275334,1.1906390767810056
23,432,0.2135996049681575,0.4072706876314395,0.31001164630817235,0.11214386308704422,39.172872070639656,16.037939494438316,7.371917981695004,2.5312488109699025,4.752157519566077,1.0272673120802602
24,432,0.2140279308680853,0.3970459157634902,0.33026112727947865,0.11581186651503553,37.870292084476056,15.975968127812592,6.558152209476344,2.197127984357449,6.191453008213147,1.2944771401918234
25,432,0.21346078703896765,0.4337658818223274,0.3210360969724838,0.11958710959922152,39.5361807608777,15.842634795505672,7.280206163299288,1.9702488663566167,4.786982766728712,1.8800088177981635
26,432,0.24687939223453437,0.362845215065332,0.3338642880522552,0.135130373404931,39.79422346409784,14.043411807295906,9.30125754840256,1.6095326594816215,5.934769102173848,0.8556325883574065
27,432,0.21438254128216994,0.41284564901306875,0.31458609811365823,0.11950897019302828,39.299185224432435,15.476275667421158,7.456098856825845,2.4221179141443,4.689914263435399,1.5133325369097288
28,432,0.21378133591325754,0.41888030750472954,0.31542706762769496,0.11681055393697622,39.01960959731071,16.106559432389922,7.275993451057174,2.3122558569350424,4.972359284950073,1.3945515652588998
29,432,0.21378133591325754,0.4043557411335095,0.3078730662186503,0.11484713521974063,38.645052481811575,15.500192600794746,7.846359264517249,2.6053335301080596,4.7306416288612,1.41715838895406
30,432,0.20298140947082924,0.38819043942749965,0.3003009895231133,0.10438697723094646,39.862843125531796,14.923896087002731,8.064728751325108,2.2387183119036935,5.234787715233441,1.0015317207328611
31,432,0.2409956646044351,0.3589434959234176,0.3356741383947295,0.12957692067656357,39.44175667515016,14.552519029379791,5.2432683434948935,2.1393740544546205,8.881321173719481,0.9466126312009091
32,432,0.20614154965004564,0.40164209621991875,0.3074417543883746,0.10070310627484258,39.71057236429999,15.955754072975274,7.480272926157337,2.3699995804632357,4.2727782732988295,1.181413919109663
33,432,0.21317631979328808,0.40868058404638935,0.31327742953783505,0.1193059028635276,39.064937672049155,15.092556802084975,7.307870463449229,2.356068614263303,4.904094742323421,1.3888473520458575
34,432,0.201418889119096,0.3791540463550232,0.2938379417073447,0.0919319574030586,39.879786466495176,14.452015931424112,8.836491467635776,2.574123718246049,4.928447787927832,0.9582894388627476
35,432,0.21653321266950934,0.4289066297610886,0.31697424316944867,0.11982180581859964,38.99555595203386,16.28461076105112,7.468024188407732,2.202892372935778,4.502083310702224,1.5858484205853274
36,432,0.2175775385817053,0.41558826527154064,0.31997630153328743,0.11799849704676509,38.95205023223699,16.249111266188756,7.9043074991782305,1.7453113689387423,4.794019535575902,1.3551114058912963
37,432,0.2065982806243196,0.45613651112032005,0.310143810048381,0.08386498698236634,41.16434918503731,17.76699667118103,5.938505231663837,2.251161216206501,3.6304063858135387,1.9149794519581578
38,432,0.21464815311221383,0.4059873920836909,0.3169468229739293,0.1139416106727471,38.167865482519225,16.241716168658055,7.371226180509895,2.1431317118485147,5.335323855396536,1.2566003193307098
39,432,0.21987796514412222,0.4247909794478288,0.3283129100173515,0.1263096981382794,38.79793757810219,16.11317083065167,7.257262605590792,2.620030873474342,5.008908029888652,1.4713862915522171
40,432,0.2238161370453241,0.4163292974695869,0.339020303535416,0.12177961483619605,37.66937036353737,17.455804517770623,8.2028443182723,2.0975212685992877,5.4992976378322265,1.0645589628758343
41,432,0.21067967257640494,0.41133634626962945,0.3112924556108584,0.11182168733930864,39.57867023561472,15.875728964433641,7.270879582736163,2.343440854588236,4.634685931844198,1.4234235761766982
42,432,0.2129256167379227,0.41445731360565435,0.30927699390185126,0.108271465342164,40.0070286675148,15.784121925422136,7.234208289705938,2.1478170580926843,4.475174878747562,1.4851114063610338
43,432,0.21158628450444314,0.41409286197916617,0.3172530842216314,0.11570243918758706,39.12693992164103,15.9506021215047,7.3042989880611815,2.265316323942276,5.324101349960232,1.428936511283256
44,432,0.21988469632867244,0.46645628153651425,0.3423117606897995,0.12709890944239208,40.44846605512226,15.490052189644233,6.750312007521451,2.15180167889777,4.941787051215444,3.32770868835769
45,432,0.21368862107690317,0.40258080840989985,0.31312726570023264,0.10805984454446031,40.13451710419831,15.423418725316433,6.971041806405875,2.630029806465426,4.77294251374948,1.183291908646474
46,432,0.22778859660212794,0.3924590649369366,0.3179190143085547,0.11632507876311698,40.00108155240047,15.52661066097897,7.258452955806602,2.502616400965113,5.190390688694421,1.1717162380489237
47,432,0.34766625550849517,0.2484213480199867,0.37744175996983864,0.28707918121000053,8.99232637563666,4.788455174663211,21.776493705371433,14.979119928078736,1.0555323374276686,1.0518991589182216
48,432,0.2135670448701799,0.40131626312402224,0.3093335093098659,0.11596487952297596,39.05431139437264,15.55907765894441,7.566537123937577,2.424191422725751,4.944404075430901,1.411371059610509
49,432,0.21988469632867244,0.43060265847538615,0.33167103067160053,0.12098959619453754,38.52926364643733,16.252702856661436,7.152096360334248,2.3911443140325113,4.817459573845037,1.535669746650272
50,432,0.20292506442753083,0.3868789449995849,0.29583070468533856,0.10056800489979767,41.591326817717906,14.276529194088464,7.406612313352873,2.670400215204751,4.533283709180321,1.2747391669688413
51,432,0.23667732496985305,0.4512399634627125,0.36578745754590103,0.128388770490797,36.079034614066934,18.91664089122709,6.7394675809867435,1.7311160209073961,5.610147131935453,1.7419609057562242
52,432,0.2135670448701799,0.3999253133501577,0.30960895144449707,0.11632507876311698,38.81430179497226,15.267291992808602,7.410182632331258,2.4048376855657443,4.932670220934994,1.5014483965270267
53,432,0.2170922545995846,0.42539173805798447,0.3419290814712801,0.11821131204880259,39.768335142798776,17.03430901847992,5.986647714339633,2.1122245751270796,5.44085481283571,1.5017064597096415
54,432,0.20810167809959654,0.39812250542855204,0.29872466347664406,0.10522139976735967,40.280302627440804,15.042836833296327,8.111843155348119,2.2437291910484904,5.05620043387385,1.1552640770069593
55,432,0.23622914830203545,0.40866773361795444,0.3203555613783773,0.117365590709131,40.8556620871226,16.073652563146624,7.306345169372337,1.3359531849022492,3.965238602475186,1.4056481748347651
56,432,0.19707871639221697,0.4396986814904013,0.31547322979539694,0.10506262982497734,40.10603116017226,17.155297099185837,5.3721441291006595,2.183231869343258,4.981298752647672,1.5740904991485305
57,432,0.21746970496944806,0.42190152096047656,0.31815321818290954,0.1207527096147952,38.630955532436474,16.330373980829627,7.296439960596532,2.124619129164166,5.499365510481472,1.5045215872408304
58,432,0.2137785461527859,0.4167166354481392,0.31812754249152553,0.11507098345744504,38.895400962332886,16.084788035634702,7.5176113874368165,2.2710715634459033,5.268396619322181,1.4410890038525856
59,432,0.22424228924627168,0.3974922064074692,0.3233269604883604,0.12787507408795648,39.40023633627843,16.199025410795166,7.599001959658227,1.980322742998925,4.670858112527461,1.1249786158388477
60,432,0.2135670448701799,0.39998576961021204,0.3166437297693583,0.11344491735094751,38.270760543599486,16.443045086597742,7.368492613241581,2.399354226493072,5.012724496787665,1.0821950277926324
61,432,0.21369978243602245,0.4056251147229316,0.3123915359579399,0.11285177527369783,39.95771703400956,15.16486658941921,7.274646607658366,2.6969687004329983,4.496415048846694,1.4530652582970662
62,432,0.2155433161274095,0.4095222701906832,0.32016027862479474,0.11414445326735234,40.05874780101293,16.00415519254954,7.150574084042151,2.1843344722468667,4.885915323087112,1.2071907840945355
63,432,0.21325048960320822,0.4155369885502864,0.3149317986808517,0.11167979086321411,39.54883218842679,15.624006469586197,7.48785803453238,2.242121908831045,5.105580138236994,1.380073417833107
64,432,0.2135670448701799,0.40628425330573475,0.32124533027396623,0.11632507876311698,39.76706145971268,15.82823466659991,7.338357467708634,2.1450729552990504,4.9383709495882755,1.4678943922480605
65,432,0.21874034215863838,0.4047849774316552,0.3128069409576666,0.11509643125305961,39.264346059776834,15.618616113425162,7.439410434795252,2.2763111759662515,5.036583365172471,1.1992584616567352
66,432,0.1970072975607418,0.44247129582210865,0.30906973510164226,0.09336599192982359,34.71106214160981,18.373703607901824,6.866599080006692,2.6638457541052496,4.899873793120755,2.0280505397102404
67,432,0.21322913965033968,0.4120428731859437,0.31072200736047206,0.11050692775910909,39.716410670580885,15.760646634351145,7.306236650099409,2.3759774620022522,4.598534298161394,1.2370687592362413
68,432,0.21378133591325754,0.4264034736805884,0.31668825739565065,0.12066496649045502,38.66022828651708,16.073445256876497,7.417260581752338,2.442764867259868,4.862085798414878,1.5016250066134924
69,432,0.21117232856762153,0.40658281392467693,0.30472102721934025,0.1150430794385621,39.984975060039204,15.250208024702166,7.286239353547473,2.368599288809712,5.070590717655237,1.4434556262892428
70,432,0.20544686588542443,0.3954347809754162,0.29925597369001933,0.10333125357897976,40.78514666391509,14.114373263688213,7.556052462276512,2.460815153232427,4.592021181875164,1.5056489220150489
71,432,0.18951857815171713,0.46683816893135593,0.2993905262174378,0.07447667303662575,37.05254152989057,18.37613274680407,7.6091853576012705,2.5411819033339538,3.398034203595466,2.1431972104887085
