term,df,sumsq,pct_variance,set
Residuals,959,34.515307801356464,60.4830327125982,coreB_all
band,2,10.843907600560645,19.00236329665082,coreB_all
outcome,2,7.842490930173124,13.7428192211942,coreB_all
normalise,2,1.833789616479547,3.2134483053109677,coreB_all
aperiodic,1,1.5271536436308777,2.6761135759380323,coreB_all
reference,2,0.30538918266101417,0.5351499117801243,coreB_all
roi,2,0.09969922072107334,0.17470831385882185,coreB_all
artifact,1,0.09836179039435243,0.17236466266882136,coreB_all
Residuals,898,13.157080761768961,23.05586120501277,coreB_all_2way
outcome:band,4,12.338857226551339,21.622044038102256,coreB_all_2way
band,2,10.843907600560645,19.00236329665083,coreB_all_2way
outcome,2,7.842490930173124,13.742819221194209,coreB_all_2way
aperiodic:outcome,2,2.1112765914436817,3.6997036758458983,coreB_all_2way
normalise,2,1.833789616479547,3.21344830531097,coreB_all_2way
aperiodic:band,2,1.60028499333398,2.804265578575987,coreB_all_2way
aperiodic,1,1.5271536436308777,2.676113575938034,coreB_all_2way
normalise:band,4,1.0572167498426825,1.8526178480879358,coreB_all_2way
band:roi,4,0.9034063826235061,1.5830876580170656,coreB_all_2way
normalise:outcome,4,0.6464471035730036,1.1328040745687264,coreB_all_2way
reference:band,4,0.5609296419623777,0.9829472209702612,coreB_all_2way
normalise:aperiodic,2,0.45262483084147986,0.7931588675921812,coreB_all_2way
outcome:roi,4,0.373200057922309,0.6539785605148646,coreB_all_2way
reference:aperiodic,2,0.32966005072633253,0.5776810610199443,coreB_all_2way
reference,2,0.30538918266101417,0.5351499117801246,coreB_all_2way
reference:outcome,4,0.29314229580817747,0.5136890323810279,coreB_all_2way
reference:roi,4,0.21412535219085874,0.3752233865533528,coreB_all_2way
reference:normalise,4,0.1577075427944009,0.27635942071715686,coreB_all_2way
normalise:roi,4,0.10938826890170095,0.19168695479795358,coreB_all_2way
roi,2,0.09969922072107334,0.17470831385882196,coreB_all_2way
aperiodic:roi,2,0.09836848923750952,0.17237640141245775,coreB_all_2way
artifact,1,0.09836179039435243,0.17236466266882147,coreB_all_2way
artifact:band,2,0.04382075821464895,0.07678947462503315,coreB_all_2way
artifact:roi,2,0.03135531643580823,0.054945609658631725,coreB_all_2way
artifact:outcome,2,0.024467816641372216,0.04287627283647783,coreB_all_2way
artifact:aperiodic,1,0.007148644453247068,0.012526954671963958,coreB_all_2way
reference:artifact,2,0.004384458719575161,0.007683123143195007,coreB_all_2way
artifact:normalise,2,4.1446736948401355e-4,7.262934930518262e-4,coreB_all_2way
Residuals,99,1.2063614085060963,39.51748312526637,coreB_theta_mean
roi,2,1.201675077131413,39.36397023956506,coreB_theta_mean
normalise,2,0.5346427568644341,17.51360411023078,coreB_theta_mean
reference,2,0.08211301128368789,2.689823725202119,coreB_theta_mean
aperiodic,1,0.014212216056547575,0.46555783716818083,coreB_theta_mean
artifact,1,0.013723874931334482,0.44956096256749234,coreB_theta_mean
roi,2,4.053680570438829,45.348552786038084,coreA_theta_mean
Residuals,206,2.9547200409007672,33.05447368494746,coreA_theta_mean
normalise,2,1.3497152368155438,15.099273758569385,coreA_theta_mean
reference,2,0.4672190703181441,5.226782995057832,coreA_theta_mean
epoch_sec,1,0.052702481229423025,0.5895830247248479,coreA_theta_mean
artifact,1,0.03468114680695126,0.387978230974699,coreA_theta_mean
aperiodic,1,0.02622287807065558,0.29335551968768775,coreA_theta_mean
reference,2,8.571755445689726,39.16933266452236,unrestricted_theta_mean
Residuals,420,6.316785442928769,28.865064099431986,unrestricted_theta_mean
artifact,1,3.4941000065984564,15.966573753616013,unrestricted_theta_mean
roi,2,1.6135756197031785,7.373364840838738,unrestricted_theta_mean
aperiodic,1,1.0800573873858728,4.935409948561366,unrestricted_theta_mean
normalise,2,0.5039632530838056,2.3029010143611353,unrestricted_theta_mean
epoch_sec,3,0.30360630731385485,1.3873536786684064,unrestricted_theta_mean
