term,df,sumsq,meansq,statistic,p.value,pct_variance
Residuals,3872,145.9967930449719,0.03770578332773034,NA,NA,66.56666537262429
band,2,35.70947299985695,17.854736499928475,473.527796644325,1.0678888899229307e-184,16.28159420653867
outcome,2,32.24400881722203,16.122004408611016,427.57378273996096,1.65524298999535e-168,14.701529399668459
normalise,2,2.6161639001364865,1.3080819500682432,34.69181209414704,1.1666392877101891e-15,1.1928296729550858
artifact,1,1.3057146206139436,1.3057146206139436,34.629027840768096,4.327284516300615e-9,0.5953354618945507
reference,2,0.6301935476577871,0.31509677382889356,8.356722656843964,2.3907373479599433e-4,0.287334277226219
aperiodic,1,0.5660445275492767,0.5660445275492767,15.012140780350395,1.0858877937735794e-4,0.2580857830197086
factor(epoch_sec),3,0.20438320171081883,0.06812773390360628,1.8068245210941531,0.14366442875995677,0.09318771948558364
roi,2,0.051405435102619905,0.025702717551309952,0.6816651262196997,0.5058347989353149,0.023438106587424814
